{
  "model": "all-MiniLM-L6-v2",
  "model_version": "sentence-transformers==5.1.2",
  "dimensions": 384,
  "primitives": [
    "SELF",
    "OTHER",
    "NOT",
    "WANT",
    "GOOD",
    "BAD",
    "NOW",
    "HERE",
    "ALIVE",
    "MOVE",
    "WATER",
    "AIR",
    "HEAT",
    "SOLID",
    "LIGHT",
    "THINK"
  ],
  "mean_pairwise_similarity": 0.3212728798389435,
  "pca_explained_variance": [
    0.15540827810764313,
    0.09913566708564758,
    0.08502668887376785
  ],
  "pca_coords_3d": {
    "SELF": [
      0.07817482203245163,
      0.20804305374622345,
      0.4083603322505951
    ],
    "OTHER": [
      -0.24708771705627441,
      -0.20475219190120697,
      -0.31852778792381287
    ],
    "NOT": [
      -0.36339789628982544,
      -0.3094673156738281,
      -0.04587254673242569
    ],
    "WANT": [
      -0.19040316343307495,
      0.11651783436536789,
      -0.06975408643484116
    ],
    "GOOD": [
      -0.3906119465827942,
      -0.20518545806407928,
      0.16468945145606995
    ],
    "BAD": [
      -0.2968502640724182,
      -0.40423187613487244,
      0.2430901825428009
    ],
    "NOW": [
      -0.35993683338165283,
      0.18205982446670532,
      -0.1917126178741455
    ],
    "HERE": [
      -0.27332985401153564,
      0.5536922812461853,
      -0.2696967124938965
    ],
    "ALIVE": [
      0.14991161227226257,
      0.3968217968940735,
      0.434776246547699
    ],
    "MOVE": [
      0.1439070850610733,
      0.21300749480724335,
      -0.21278418600559235
    ],
    "WATER": [
      0.49030351638793945,
      -0.10289706289768219,
      -0.15304751694202423
    ],
    "AIR": [
      0.43479639291763306,
      -0.10674726217985153,
      -0.13757458329200745
    ],
    "HEAT": [
      0.4022172689437866,
      -0.1173749640583992,
      -0.1760760396718979
    ],
    "SOLID": [
      0.24457664787769318,
      -0.10176611691713333,
      0.27253884077072144
    ],
    "LIGHT": [
      0.39849624037742615,
      -0.14140920341014862,
      -0.04998743161559105
    ],
    "THINK": [
      -0.22076603770256042,
      0.023689238354563713,
      0.10157841444015503
    ]
  },
  "cosine_similarity_matrix": {
    "SELF": {
      "SELF": 1.0000001192092896,
      "OTHER": 0.32343918085098267,
      "NOT": 0.28743797540664673,
      "WANT": 0.37119150161743164,
      "GOOD": 0.3554095923900604,
      "BAD": 0.2965506613254547,
      "NOW": 0.27173861861228943,
      "HERE": 0.2670748233795166,
      "ALIVE": 0.47349628806114197,
      "MOVE": 0.2484278827905655,
      "WATER": 0.36260542273521423,
      "AIR": 0.3222283124923706,
      "HEAT": 0.32590994238853455,
      "SOLID": 0.37360572814941406,
      "LIGHT": 0.3478046953678131,
      "THINK": 0.3718547224998474
    },
    "OTHER": {
      "SELF": 0.32343918085098267,
      "OTHER": 0.9999998807907104,
      "NOT": 0.4402715563774109,
      "WANT": 0.41441187262535095,
      "GOOD": 0.4367990493774414,
      "BAD": 0.3536182940006256,
      "NOW": 0.3541208505630493,
      "HERE": 0.3046915531158447,
      "ALIVE": 0.18309961259365082,
      "MOVE": 0.229779452085495,
      "WATER": 0.2847532629966736,
      "AIR": 0.3357665538787842,
      "HEAT": 0.30647987127304077,
      "SOLID": 0.27556395530700684,
      "LIGHT": 0.28878772258758545,
      "THINK": 0.4095422625541687
    },
    "NOT": {
      "SELF": 0.28743797540664673,
      "OTHER": 0.4402715563774109,
      "NOT": 1.000000238418579,
      "WANT": 0.40648478269577026,
      "GOOD": 0.45466986298561096,
      "BAD": 0.4593045115470886,
      "NOW": 0.4372932016849518,
      "HERE": 0.20649109780788422,
      "ALIVE": 0.24225252866744995,
      "MOVE": 0.23336435854434967,
      "WATER": 0.22342601418495178,
      "AIR": 0.24355889856815338,
      "HEAT": 0.24928177893161774,
      "SOLID": 0.2956934869289398,
      "LIGHT": 0.266588419675827,
      "THINK": 0.35728323459625244
    },
    "WANT": {
      "SELF": 0.37119150161743164,
      "OTHER": 0.41441187262535095,
      "NOT": 0.40648478269577026,
      "WANT": 1.0,
      "GOOD": 0.40960872173309326,
      "BAD": 0.32161393761634827,
      "NOW": 0.37752360105514526,
      "HERE": 0.3408949673175812,
      "ALIVE": 0.3411944508552551,
      "MOVE": 0.3029915690422058,
      "WATER": 0.2391442507505417,
      "AIR": 0.2725639045238495,
      "HEAT": 0.3225456476211548,
      "SOLID": 0.33855050802230835,
      "LIGHT": 0.3403421938419342,
      "THINK": 0.3557564616203308
    },
    "GOOD": {
      "SELF": 0.3554095923900604,
      "OTHER": 0.4367990493774414,
      "NOT": 0.45466986298561096,
      "WANT": 0.40960872173309326,
      "GOOD": 1.0,
      "BAD": 0.587149441242218,
      "NOW": 0.5113653540611267,
      "HERE": 0.30874860286712646,
      "ALIVE": 0.3420218825340271,
      "MOVE": 0.20024451613426208,
      "WATER": 0.19055768847465515,
      "AIR": 0.2710340917110443,
      "HEAT": 0.31688356399536133,
      "SOLID": 0.33548301458358765,
      "LIGHT": 0.31283506751060486,
      "THINK": 0.3690824508666992
    },
    "BAD": {
      "SELF": 0.2965506613254547,
      "OTHER": 0.3536182940006256,
      "NOT": 0.4593045115470886,
      "WANT": 0.32161393761634827,
      "GOOD": 0.587149441242218,
      "BAD": 1.0000001192092896,
      "NOW": 0.3163527846336365,
      "HERE": 0.21479307115077972,
      "ALIVE": 0.2534995675086975,
      "MOVE": 0.23140905797481537,
      "WATER": 0.2338365614414215,
      "AIR": 0.26086804270744324,
      "HEAT": 0.26709699630737305,
      "SOLID": 0.3535793125629425,
      "LIGHT": 0.28723061084747314,
      "THINK": 0.3666660487651825
    },
    "NOW": {
      "SELF": 0.27173861861228943,
      "OTHER": 0.3541208505630493,
      "NOT": 0.4372932016849518,
      "WANT": 0.37752360105514526,
      "GOOD": 0.5113653540611267,
      "BAD": 0.3163527846336365,
      "NOW": 1.0,
      "HERE": 0.4254642724990845,
      "ALIVE": 0.3255746066570282,
      "MOVE": 0.2630458176136017,
      "WATER": 0.22618387639522552,
      "AIR": 0.22637668251991272,
      "HEAT": 0.24826107919216156,
      "SOLID": 0.25925782322883606,
      "LIGHT": 0.2859894335269928,
      "THINK": 0.3189451992511749
    },
    "HERE": {
      "SELF": 0.2670748233795166,
      "OTHER": 0.3046915531158447,
      "NOT": 0.20649109780788422,
      "WANT": 0.3408949673175812,
      "GOOD": 0.30874860286712646,
      "BAD": 0.21479307115077972,
      "NOW": 0.4254642724990845,
      "HERE": 0.9999999403953552,
      "ALIVE": 0.2902420163154602,
      "MOVE": 0.18441882729530334,
      "WATER": 0.1459672451019287,
      "AIR": 0.21036243438720703,
      "HEAT": 0.22138193249702454,
      "SOLID": 0.20394092798233032,
      "LIGHT": 0.17820137739181519,
      "THINK": 0.2941201329231262
    },
    "ALIVE": {
      "SELF": 0.47349628806114197,
      "OTHER": 0.18309961259365082,
      "NOT": 0.24225252866744995,
      "WANT": 0.3411944508552551,
      "GOOD": 0.3420218825340271,
      "BAD": 0.2534995675086975,
      "NOW": 0.3255746066570282,
      "HERE": 0.2902420163154602,
      "ALIVE": 1.000000238418579,
      "MOVE": 0.30905789136886597,
      "WATER": 0.31888747215270996,
      "AIR": 0.3662928342819214,
      "HEAT": 0.3087124228477478,
      "SOLID": 0.39980798959732056,
      "LIGHT": 0.35493749380111694,
      "THINK": 0.29103580117225647
    },
    "MOVE": {
      "SELF": 0.2484278827905655,
      "OTHER": 0.229779452085495,
      "NOT": 0.23336435854434967,
      "WANT": 0.3029915690422058,
      "GOOD": 0.20024451613426208,
      "BAD": 0.23140905797481537,
      "NOW": 0.2630458176136017,
      "HERE": 0.18441882729530334,
      "ALIVE": 0.30905789136886597,
      "MOVE": 1.0000001192092896,
      "WATER": 0.2753888964653015,
      "AIR": 0.27807632088661194,
      "HEAT": 0.3438577950000763,
      "SOLID": 0.26749205589294434,
      "LIGHT": 0.2950381636619568,
      "THINK": 0.28340983390808105
    },
    "WATER": {
      "SELF": 0.36260542273521423,
      "OTHER": 0.2847532629966736,
      "NOT": 0.22342601418495178,